{"cameraMode":{"drawMode":0,"name":"Shaded","section":"Shading Mode"},"sceneLighting":false,"audioPlay":false,"sceneViewState":{"m_AlwaysRefresh":false,"showFog":true,"showSkybox":true,"showFlares":true,"showImageEffects":true,"showParticleSystems":true,"showVisualEffectGraphs":true,"m_FxEnabled":true},"in2DMode":false,"pivot":{"x":5.20734977722168,"y":6.6163835525512699,"z":-0.6343110799789429},"rotation":{"x":-0.0527816042304039,"y":0.015573890879750252,"z":-0.0008131413487717509,"w":-0.9985339641571045},"size":8.188735961914063,"orthographic":false}